<?xml version="1.0" encoding="UTF-8"?>

<!DOCTYPE hibernate-configuration PUBLIC
	"-//Hibernate/Hibernate Configuration DTD 3.0//EN"
	"http://www.hibernate.org/dtd/hibernate-configuration-3.0.dtd">

<hibernate-configuration>
	<session-factory>
		<property name="hibernate.connection.driver_class">com.mysql.cj.jdbc.Driver</property>
		<property name="hibernate.connection.url">jdbc:mysql://localhost:3306/prolifics</property>
		<property name="hibernate.connection.username">root</property>
		<property name="hibernate.connection.password">Kiran@1234</property>
		<property name="hibernate.dialect">org.hibernate.dialect.MySQLDialect</property>
		<property name="hibernate.show_sql">true</property>		
        <!-- <mapping resource = "Employee.hbm.xml" /> -->
        <!-- <mapping class="com.kks.hibernate.entity.Employee"/> 
        
        <mapping class="com.kks.hibernate.entity.Person"/>
        <mapping class="com.kks.hibernate.entity.Address"/>
     	<mapping class="com.kks.hibernate.entity.Department"/>
        <mapping class="com.kks.hibernate.entity.Student"/>
     	<mapping class="com.kks.hibernate.entity.Course"/>-->
     	
     	<mapping class="com.kks.hibernate.entity.Address2"/>
     	
     	<mapping class="inheritance.strategy.demo.entity.Employee"/>
     	<mapping class="inheritance.strategy.demo.entity.SalariedEmployee"/>
     	<mapping class="inheritance.strategy.demo.entity.HourlyWagesEmployee"/>
	</session-factory>
</hibernate-configuration>